{"train_acc":[19.014442443847656,16.467086791992188,16.111473083496094,15.407501220703125,14.587417602539062,14.311637878417969,13.854415893554688,14.435012817382812,13.854415893554688,14.268089294433594,13.789100646972656,13.948760986328125,13.535087585449219,13.687492370605469,13.484291076660156,13.9124755859375,13.215766906738281,12.983528137207031,13.230278015136719,13.056098937988281,13.259307861328125,13.128677368164062,12.969009399414062,12.860153198242188,12.395675659179688,12.054573059082031,12.424705505371094,11.996513366699219,12.127151489257812,12.236015319824219,12.047317504882812,11.952972412109375,12.170692443847656,11.713478088378906,11.503013610839844,11.53204345703125,11.517524719238281,11.263519287109375,11.691703796386719,11.336090087890625,11.089340209960938,10.820816040039062,10.719207763671875,10.857101440429688,10.719207763671875,10.523262023925781,10.232963562011719,10.370857238769531,9.790260314941406,10.428916931152344],"train_loss":[0.43294447660446167,0.38722968101501465,0.37527430057525635,0.359701007604599,0.3464837670326233,0.3380952775478363,0.3291340172290802,0.33352044224739075,0.32747122645378113,0.32970112562179565,0.3158588707447052,0.32261019945144653,0.3147141635417938,0.3173687756061554,0.31633028388023376,0.32090163230895996,0.30845892429351807,0.3058098256587982,0.3104263246059418,0.3000982403755188,0.31125789880752563,0.3035784363746643,0.2974901795387268,0.29808756709098816,0.2980976700782776,0.2944239675998688,0.292631596326828,0.28450411558151245,0.28926944732666016,0.2883208990097046,0.28818783164024353,0.28499114513397217,0.285038024187088,0.2773284614086151,0.27445292472839355,0.27563074231147766,0.26961567997932434,0.26814132928848267,0.2747093141078949,0.2710578441619873,0.2632722556591034,0.26032549142837524,0.25918543338775635,0.2599967420101166,0.25970837473869324,0.25648340582847595,0.24791736900806427,0.2472597062587738,0.24218110740184784,0.25377407670021057],"valid_acc":[15.719573974609375,15.305900573730469,14.870452880859375,15.552650451660156,15.407501220703125,13.702011108398438,13.585891723632812,13.716522216796875,13.041587829589844,13.027069091796875,13.607666015625,12.765800476074219,12.584365844726562,12.794830322265625,12.228752136230469,13.796356201171875,12.809349060058594,13.9923095703125,12.460990905761719,12.780319213867188,14.703536987304688,12.272300720214844,12.025543212890625,11.430435180664062,12.134407043457031,12.881919860839844,12.076347351074219,12.119895935058594,11.626388549804688,11.873138427734375,11.328834533691406,11.720733642578125,11.459465026855469,11.6046142578125,11.619132995605469,10.98773193359375,10.944190979003906,11.379638671875,11.655418395996094,10.849845886230469,10.777267456054688,11.219970703125,10.494232177734375,10.784530639648438,10.68292236328125,10.479713439941406,10.530517578125,10.305534362792969,10.6103515625,10.414398193359375],"valid_loss":[0.37966853380203247,0.36898481845855713,0.34254106879234314,0.34628942608833313,0.35533082485198975,0.3171592056751251,0.31994056701660156,0.31402191519737244,0.308454304933548,0.3017532527446747,0.30760616064071655,0.295693039894104,0.2999032437801361,0.30202755331993103,0.2911575138568878,0.32275640964508057,0.29691463708877563,0.3304556608200073,0.29080653190612793,0.2973635196685791,0.33699193596839905,0.29206615686416626,0.2827673852443695,0.272406667470932,0.2881474494934082,0.30210426449775696,0.2851138412952423,0.2814522385597229,0.2854592502117157,0.27817508578300476,0.26973190903663635,0.27286839485168457,0.2782374322414398,0.2746914327144623,0.2753714621067047,0.2718595266342163,0.25931909680366516,0.2722207009792328,0.27403220534324646,0.2640266418457031,0.26145699620246887,0.26529720425605774,0.2588643729686737,0.25981682538986206,0.25207844376564026,0.2524161636829376,0.2496871054172516,0.24552598595619202,0.25110548734664917,0.24707408249378204]}